actor_id,film_id
1,361
1,509
1,499
1,970
1,749
1,939
1,438
1,980
1,1
1,605
1,635
1,25
1,506
1,23
1,166
1,832
1,277
1,106
1,140
2,369
2,561
2,555
2,47
2,145
2,321
2,314
2,958
2,754
2,399
2,31
2,3
2,226
2,481
2,105
2,458
2,811
2,518
2,540
2,357
2,550
2,132
2,485
2,742
2,249
3,618
3,971
3,685
3,40
3,111
3,341
3,480
3,996
3,539
3,393
3,967
3,185
3,87
3,441
3,289
3,329
3,42
3,17
3,453
3,827
3,966
3,336
4,635
4,79
4,616
4,721
4,712
4,691
4,924
4,798
4,25
4,23
4,909
4,463
4,398
4,832
4,714
4,87
4,858
4,56
4,62
4,490
4,355
4,379
5,288
5,383
5,841
5,811
5,369
5,665
5,732
5,392
5,146
5,535
5,411
5,19
5,650
5,865
5,203
5,817
5,340
5,202
5,172
5,375
5,316
5,503
5,54
5,571
5,286
5,171
5,730
5,687
5,85
6,112
6,193
6,165
6,892
6,509
6,451
6,692
6,517
6,605
6,29
6,902
6,503
6,164
6,60
6,70
6,826
6,256
6,994
6,519
6,53
7,766
7,554
7,351
7,25
7,414
7,770
7,691
7,959
7,805
7,758
7,957
7,170
7,292
7,637
7,225
7,96
7,846
7,27
7,67
7,173
7,463
7,900
7,806
7,35
7,618
7,217
7,910
7,633
7,218
7,901
8,205
8,895
8,771
8,255
8,523
8,195
8,859
8,769
8,554
8,752
8,47
8,179
8,115
8,936
8,458
8,532
8,263
8,396
8,321
8,158
9,650
9,552
9,815
9,964
9,926
9,204
9,671
9,147
9,148
9,191
9,722
9,903
9,74
9,434
9,200
9,865
9,811
9,889
9,752
9,30
9,697
9,514
9,873
9,974
9,510
10,477
10,716
10,782
10,929
10,980
10,930
10,914
10,366
10,530
10,236
10,964
10,191
10,522
10,587
10,9
10,703
10,694
10,1
10,966
10,480
10,983
10,251
11,485
11,854
11,118
11,938
11,348
11,453
11,395
11,709
11,567
11,205
11,429
11,969
11,597
11,587
11,433
11,896
11,532
11,636
11,988
11,364
11,928
11,888
11,283
11,850
11,281
12,838
12,540
12,344
12,37
12,593
12,716
12,812
12,216
12,213
12,416
12,871
12,177
12,631
12,400
12,34
12,107
12,728
12,17
12,243
12,880
12,420
12,635
12,208
12,457
12,155
12,513
12,92
12,672
12,16
12,91
12,945
13,456
13,337
13,966
13,816
13,203
13,718
13,729
13,162
13,524
13,515
13,600
13,254
13,588
13,427
13,17
13,154
13,843
13,998
13,29
13,597
13,45
13,144
13,87
13,832
13,833
13,381
13,346
13,513
13,571
13,522
13,528
13,110
13,817
13,385
13,897
14,415
14,890
14,454
14,970
14,472
14,187
14,688
14,258
14,232
14,284
14,253
14,908
14,495
14,764
14,292
14,536
14,418
14,759
14,612
14,537
14,847
14,856
14,475
14,241
14,919
14,255
14,154
14,948
14,417
14,370
15,502
15,280
15,31
15,968
15,275
15,414
15,125
15,924
15,817
15,342
15,745
15,886
15,108
15,985
15,594
15,89
15,553
15,91
15,626
15,236
15,635
15,500
15,326
15,541
15,949
15,795
15,445
15,783
16,582
16,271
16,967
16,177
16,101
16,453
16,121
16,345
16,155
16,269
16,87
16,287
16,438
16,221
16,455
16,218
16,779
16,717
16,548
16,758
16,267
16,886
16,80
16,280
16,456
16,583
16,503
17,478
17,521
17,734
17,127
17,606
17,469
17,201
17,154
17,378
17,515
17,959
17,313
17,500
17,770
17,310
17,957
17,124
17,96
17,880
17,800
17,236
17,853
17,119
17,948
17,457
17,280
17,573
17,874
17,603
17,873
17,199
17,794
18,863
18,484
18,268
18,717
18,883
18,917
18,321
18,462
18,944
18,84
18,44
18,386
18,842
18,279
18,808
18,612
18,144
18,172
18,460
18,561
18,280
18,536
19,673
19,208
19,182
19,510
19,490
19,711
19,2
19,877
19,785
19,473
19,428
19,750
19,404
19,144
19,513
19,3
19,756
19,266
19,212
19,752
19,670
19,644
19,217
19,771
19,152
20,527
20,863
20,784
20,366
20,538
20,146
20,348
20,478
20,63
20,757
20,243
20,140
20,492
20,1
20,652
20,977
20,531
20,274
20,663
20,165
20,589
20,54
20,962
20,499
20,643
20,231
20,269
20,445
20,717
20,714
21,281
21,702
21,507
21,429
21,920
21,680
21,179
21,6
21,893
21,426
21,530
21,804
21,142
21,734
21,159
21,733
21,88
21,700
21,887
21,253
21,983
21,497
21,87
21,321
21,686
21,798
21,398
22,294
22,536
22,146
22,9
22,418
22,56
22,964
22,648
22,495
22,802
22,600
22,912
22,89
22,731
22,688
22,430
22,291
22,23
22,349
22,111
22,775
22,491
22,483
22,369
22,742
22,634
23,691
23,997
23,981
23,855
23,449
23,833
23,116
23,435
23,673
23,804
23,636
23,6
23,856
23,367
23,826
23,853
23,414
23,782
23,105
23,226
23,842
23,117
23,491
23,536
23,125
23,235
23,78
23,419
23,42
23,212
23,820
23,370
23,649
23,549
23,766
23,935
23,254
24,178
24,781
24,829
24,164
24,3
24,242
24,832
24,585
24,148
24,199
24,126
24,83
24,603
24,969
24,194
24,405
24,515
24,653
24,277
24,463
24,704
24,335
24,256
24,112
25,86
25,153
25,311
25,538
25,404
25,21
25,871
25,583
25,226
25,213
25,204
25,179
25,688
25,914
25,564
25,755
25,697
25,245
25,420
25,411
25,606
26,225
26,885
26,732
26,644
26,764
26,795
26,821
26,715
26,906
26,329
26,529
26,340
26,327
26,34
26,21
26,186
26,904
26,682
26,635
26,390
26,544
26,688
26,345
26,103
26,9
26,241
26,564
26,392
26,147
26,201
26,90
26,758
26,93
27,540
27,880
27,873
27,695
27,805
27,34
27,150
27,682
27,19
27,593
27,415
27,172
27,967
27,986
27,889
27,273
27,359
27,637
27,830
27,771
27,996
27,334
27,500
27,503
27,85
27,904
27,679
27,462
27,854
27,586
27,398
27,477
27,347
28,96
28,827
28,259
28,574
28,652
28,879
28,816
28,74
28,551
28,625
28,107
28,502
28,58
28,358
28,973
28,508
28,287
28,793
28,743
28,908
28,263
28,532
28,953
28,43
28,679
28,619
28,790
28,14
28,994
28,597
28,835
29,590
29,296
29,79
29,444
29,172
29,812
29,436
29,519
29,482
29,105
29,10
29,133
29,646
29,862
29,723
29,110
29,342
29,462
29,311
29,449
29,131
29,547
29,282
29,488
29,273
29,928
29,944
29,335
29,226
30,53
30,69
30,301
30,797
30,262
30,838
30,260
30,87
30,77
30,292
30,286
30,565
30,64
30,1
30,357
30,945
30,318
30,321
30,732
31,188
31,368
31,431
31,88
31,978
31,164
31,163
31,380
31,637
31,585
31,880
31,146
31,802
31,700
31,793
31,308
31,739
31,299
32,136
32,309
32,199
32,815
32,567
32,431
32,103
32,667
32,669
32,401
32,928
32,84
32,197
32,523
32,219
32,606
32,427
32,651
32,585
32,980
32,312
32,112
32,65
33,972
33,712
33,473
33,306
33,618
33,965
33,878
33,775
33,305
33,881
33,993
33,154
33,489
33,214
33,694
33,574
33,754
33,56
33,135
33,737
33,735
33,112
33,667
33,252
34,172
34,668
34,393
34,244
34,125
34,950
34,779
34,336
34,438
34,43
34,720
34,836
34,119
34,182
34,525
34,502
34,971
34,389
34,788
34,90
34,929
34,853
34,846
34,493
34,794
35,256
35,738
35,589
35,35
35,389
35,201
35,612
35,732
35,914
35,817
35,707
35,10
35,748
35,52
35,615
36,15
36,380
36,875
36,426
36,231
36,427
36,731
36,569
36,715
36,381
36,466
36,931
36,453
36,387
36,171
36,714
36,590
36,493
36,915
36,600
36,956
36,81
36,499
36,716
36,484
36,283
36,390
36,410
36,245
37,997
37,663
37,966
37,146
37,697
37,260
37,253
37,508
37,963
37,662
37,553
37,122
37,925
37,853
37,840
37,694
37,477
37,467
37,277
37,317
37,839
37,989
37,785
37,485
37,19
37,118
37,12
37,572
37,588
37,529
37,900
37,10
37,119
37,555
37,204
38,223
38,619
38,160
38,516
38,827
38,353
38,111
38,793
38,705
38,547
38,24
38,335
38,274
38,876
38,176
38,448
38,241
38,338
38,839
38,853
38,618
38,450
38,583
38,458
38,501
39,222
39,293
39,920
39,700
39,425
39,689
39,696
39,476
39,736
39,587
39,559
39,456
39,772
39,815
39,606
39,71
39,683
39,831
39,168
39,431
39,203
39,648
39,415
39,320
39,73
39,290
39,598
39,703
40,494
40,1
40,887
40,747
40,34
40,233
40,107
40,799
40,521
40,744
40,737
40,723
40,466
40,374
40,835
40,177
40,933
40,869
40,396
40,868
40,11
40,326
40,754
40,223
40,394
40,128
40,463
40,938
40,163
41,212
41,252
41,678
41,657
41,779
41,150
41,724
41,60
41,305
41,674
41,159
41,336
41,383
41,230
41,69
41,100
41,194
41,544
41,596
41,203
41,942
41,894
41,799
41,249
41,86
41,784
41,912
41,4
41,721
42,502
42,673
42,665
42,867
42,24
42,876
42,333
42,320
42,568
42,687
42,890
42,922
42,309
42,932
42,527
42,713
42,535
42,139
42,648
42,798
42,546
42,861
42,865
42,500
42,505
42,738
42,907
43,330
43,827
43,598
43,605
43,359
43,105
43,344
43,276
43,89
43,377
43,56
43,621
43,19
43,147
43,608
43,180
43,239
43,958
43,917
43,410
43,42
43,533
43,833
43,753
43,161
43,462
44,490
44,896
44,854
44,883
44,982
44,952
44,242
44,751
44,84
44,591
44,598
44,88
44,699
44,902
44,420
44,944
44,784
44,875
44,322
44,604
44,273
44,878
44,937
44,998
44,825
44,94
44,109
44,58
44,434
44,176
45,66
45,810
45,117
45,407
45,920
45,900
45,978
45,330
45,797
45,901
45,503
45,187
45,714
45,416
45,895
45,463
45,115
45,65
45,925
45,198
45,467
45,18
45,680
45,767
45,537
45,484
45,164
45,502
45,778
45,975
45,219
45,508
46,407
46,820
46,296
46,478
46,540
46,889
46,731
46,38
46,830
46,766
46,829
46,463
46,448
46,456
46,836
46,319
46,980
46,254
46,538
46,567
46,174
46,768
46,51
46,991
47,508
47,973
47,913
47,25
47,923
47,924
47,790
47,770
47,576
47,787
47,36
47,273
47,385
47,53
47,737
47,67
47,233
47,944
47,777
47,734
47,484
47,670
47,351
47,172
48,926
48,428
48,349
48,645
48,99
48,570
48,757
48,559
48,922
48,164
48,506
48,705
48,545
48,312
48,101
48,345
48,792
48,150
48,315
48,267
48,295
48,599
48,134
48,211
48,287
48,245
49,407
49,433
49,662
49,977
49,595
49,400
49,558
49,469
49,716
49,811
49,927
49,282
49,506
49,207
49,542
49,725
49,348
49,709
49,729
49,980
49,31
49,423
49,151
49,195
49,250
49,579
49,391
50,417
50,552
50,632
50,372
50,303
50,717
50,306
50,437
50,829
50,732
50,924
50,957
50,243
50,621
50,111
50,178
50,401
50,248
50,918
50,897
50,795
50,672
50,476
50,420
50,840
50,288
50,591
50,645
50,327
50,520
50,504
50,274
51,734
51,408
51,461
51,750
51,990
51,5
51,395
51,112
51,940
51,121
51,847
51,627
51,891
51,733
51,153
51,525
51,974
51,63
51,678
51,895
51,490
51,103
51,420
51,737
51,993
52,341
52,999
52,584
52,915
52,20
52,689
52,474
52,92
52,388
52,675
52,812
52,879
52,108
52,714
52,407
52,517
52,515
52,878
52,424
52,203
52,596
52,376
52,951
52,96
52,664
52,249
53,697
53,181
53,122
53,577
53,126
53,490
53,1
53,386
53,576
53,937
53,58
53,725
53,727
53,256
53,465
53,447
53,109
53,492
53,508
53,980
53,268
53,518
53,947
53,358
53,961
53,51
53,285
53,573
53,9
53,307
54,990
54,150
54,658
54,129
54,970
54,600
54,292
54,754
54,524
54,285
54,510
54,184
54,913
54,301
54,546
54,861
54,988
54,842
54,348
54,764
54,489
54,649
54,636
54,858
54,84
55,486
55,709
55,307
55,603
55,790
55,827
55,485
55,403
55,815
55,620
55,75
55,8
55,340
55,320
55,197
55,963
55,27
55,612
55,930
55,776
56,474
56,307
56,521
56,892
56,965
56,462
56,63
56,868
56,226
56,87
56,457
56,298
56,354
56,417
56,383
56,421
56,750
56,236
56,862
56,728
56,851
56,844
56,936
56,593
56,795
56,781
56,769
56,893
57,393
57,134
57,891
57,101
57,737
57,114
57,16
57,122
57,852
57,502
57,717
57,592
57,767
57,447
57,34
57,213
57,637
57,707
57,267
57,153
57,258
57,340
57,605
57,918
57,144
57,317
57,685
57,192
57,714
57,437
58,242
58,856
58,254
58,726
58,68
58,460
58,549
58,119
58,553
58,128
58,243
58,551
58,316
58,755
58,635
58,477
58,632
58,858
58,638
58,541
58,306
58,199
58,48
58,426
58,800
58,175
58,135
58,698
58,235
58,578
58,417
58,602
59,418
59,946
59,129
59,88
59,749
59,121
59,644
59,46
59,984
59,54
59,572
59,72
59,702
59,650
59,5
59,183
59,713
59,295
59,689
59,694
59,853
59,130
59,772
59,943
59,862
59,241
59,210
60,297
60,986
60,222
60,952
60,534
60,423
60,142
60,658
60,971
60,239
60,31
60,299
60,262
60,835
60,783
60,133
60,493
60,805
60,679
60,551
60,177
60,436
60,253
60,665
60,334
60,376
60,186
60,771
60,754
60,179
60,830
60,85
60,235
60,928
60,784
61,767
61,423
61,372
61,508
61,235
61,831
61,518
61,433
61,639
61,648
61,519
61,832
61,362
61,537
61,752
61,374
61,307
61,990
61,237
61,703
61,585
61,766
61,649
61,780
61,535
62,990
62,398
62,295
62,101
62,272
62,413
62,211
62,465
62,707
62,385
62,981
62,988
62,406
62,231
62,457
62,42
62,688
62,337
62,375
62,445
62,198
62,54
62,129
62,951
62,719
62,428
62,393
62,100
62,6
63,248
63,932
63,134
63,945
63,167
63,392
63,809
63,278
63,944
63,781
63,208
63,893
63,981
63,763
63,225
63,517
63,73
63,633
63,249
64,307
64,87
64,37
64,557
64,197
64,646
64,335
64,832
64,852
64,291
64,980
64,3
64,448
64,345
64,506
64,860
64,694
64,616
64,569
64,597
64,10
64,469
64,88
64,925
64,471
64,572
64,543
64,124
64,280
64,921
65,117
65,158
65,106
65,714
65,516
65,371
65,683
65,517
65,475
65,965
65,577
65,39
65,938
65,46
65,658
65,615
65,476
65,496
65,471
65,852
65,491
65,556
65,97
65,735
65,398
65,338
65,125
65,305
65,276
65,571
65,347
65,694
65,951
65,541
66,909
66,434
66,342
66,361
66,999
66,376
66,793
66,143
66,350
66,676
66,829
66,915
66,226
66,283
66,951
66,230
66,55
66,553
66,424
66,769
66,928
66,960
66,207
66,957
66,608
66,229
66,300
66,871
66,706
66,725
66,697
67,726
67,67
67,981
67,242
67,57
67,244
67,915
67,601
67,576
67,861
67,731
67,870
67,972
67,496
67,24
67,766
67,144
67,945
67,477
67,512
67,408
67,725
67,256
68,331
68,706
68,255
68,380
68,654
68,840
68,971
68,497
68,213
68,665
68,347
68,296
68,315
68,357
68,378
68,671
68,9
68,133
68,215
68,325
68,834
68,386
68,747
68,839
68,607
68,396
68,435
68,45
68,205
68,161
69,864
69,452
69,877
69,111
69,722
69,15
69,202
69,88
69,292
69,300
69,374
69,791
69,761
69,914
69,466
69,529
69,612
69,236
69,306
69,720
69,396
70,202
70,414
70,249
70,834
70,453
70,856
70,504
70,823
70,227
70,654
70,725
70,584
70,304
70,53
70,92
70,953
70,869
70,343
70,290
70,964
70,466
70,50
70,628
71,450
71,773
71,26
71,532
71,638
71,956
71,560
71,833
71,317
71,359
71,362
71,918
71,52
71,874
71,385
71,574
71,399
71,233
72,331
72,144
72,237
72,956
72,550
72,665
72,296
72,757
72,450
72,34
72,249
72,718
72,743
72,609
72,636
72,405
72,640
72,964
72,865
72,938
72,325
72,854
72,623
72,773
72,286
72,969
73,51
73,565
73,950
73,245
73,77
73,548
73,379
73,275
73,707
73,998
73,627
73,936
73,45
73,823
73,148
73,666
73,562
73,322
73,667
73,561
73,772
73,374
73,36
73,467
73,946
73,748
74,28
74,543
74,637
74,704
74,263
74,617
74,117
74,872
74,902
74,720
74,185
74,834
74,484
74,848
74,321
74,415
74,804
74,780
74,836
74,503
74,537
74,44
74,663
74,203
74,626
74,747
74,192
74,956
75,920
75,222
75,12
75,870
75,347
75,744
75,667
75,143
75,372
75,547
75,170
75,492
75,446
75,436
75,34
75,579
75,764
75,541
75,508
75,780
75,498
75,301
75,445
75,645
76,642
76,781
76,648
76,866
76,251
76,760
76,474
76,870
76,604
76,348
76,650
76,935
76,958
76,850
76,234
76,498
76,862
76,444
76,122
76,223
76,568
76,187
76,464
76,606
76,60
76,95
76,912
76,66
76,709
76,68
76,765
77,943
77,963
77,538
77,153
77,224
77,22
77,442
77,612
77,993
77,749
77,261
77,343
77,245
77,566
77,240
77,458
77,78
77,969
77,938
77,13
77,694
77,635
77,40
77,73
78,393
78,265
78,599
78,387
78,260
78,86
78,811
78,963
78,549
78,689
78,674
78,261
78,520
78,670
78,301
78,767
78,428
78,552
78,239
78,852
78,505
78,762
78,880
78,457
78,530
78,968
79,269
79,367
79,267
79,916
79,853
79,840
79,753
79,33
79,205
79,776
79,299
79,788
79,230
79,628
79,141
79,646
79,430
79,242
79,32
79,634
79,473
79,750
79,40
79,727
79,262
79,428
79,607
79,769
80,941
80,888
80,118
80,207
80,341
80,858
80,69
80,124
80,343
80,979
80,262
80,680
80,280
80,553
80,436
80,788
80,807
80,687
80,362
80,709
80,475
80,175
80,688
80,260
80,619
80,342
80,212
80,622
81,304
81,219
81,710
81,545
81,465
81,389
81,619
81,761
81,505
81,59
81,186
81,578
81,564
81,643
81,910
81,178
81,453
81,827
81,194
81,692
81,4
81,215
81,267
81,458
81,232
81,508
81,398
81,613
81,268
81,332
81,527
81,260
81,729
81,89
81,11
81,579
82,290
82,503
82,877
82,33
82,468
82,17
82,247
82,344
82,551
82,561
82,453
82,188
82,838
82,143
82,497
82,893
82,985
82,802
82,104
82,787
82,954
82,480
82,527
82,978
82,316
82,839
82,870
82,242
82,911
82,306
82,750
83,58
83,615
83,340
83,764
83,135
83,165
83,932
83,247
83,672
83,120
83,784
83,49
83,412
83,777
83,263
83,529
83,873
83,655
83,719
83,686
83,249
83,52
83,339
83,833
83,121
83,369
83,281
83,268
83,217
83,519
83,631
83,110
83,279
84,616
84,843
84,39
84,729
84,238
84,975
84,589
84,830
84,413
84,782
84,479
84,317
84,566
84,887
84,540
84,175
84,703
84,646
84,529
84,290
84,281
84,414
84,809
84,764
84,996
84,574
84,491
84,460
84,46
84,312
84,19
85,960
85,92
85,875
85,591
85,290
85,812
85,337
85,895
85,461
85,522
85,678
85,543
85,148
85,558
85,630
85,761
85,296
85,421
85,2
85,72
85,957
85,14
85,475
85,478
85,383
85,216
85,297
85,446
85,85
85,869
85,711
86,482
86,520
86,760
86,137
86,391
86,808
86,519
86,486
86,878
86,636
86,303
86,548
86,893
86,216
86,923
86,364
86,163
86,249
86,196
86,432
86,752
86,631
86,331
86,905
86,929
86,857
86,623
87,312
87,250
87,952
87,161
87,721
87,679
87,199
87,253
87,961
87,157
87,830
87,599
87,48
87,654
87,570
87,606
87,706
87,870
87,718
87,421
87,207
88,785
88,304
88,4
88,668
88,881
88,908
88,968
88,620
88,234
88,602
88,193
88,87
88,819
88,128
88,170
88,839
88,929
88,717
88,940
88,76
89,833
89,266
89,473
89,103
89,187
89,117
89,47
89,970
89,306
89,254
89,182
89,564
89,342
89,697
89,542
89,864
89,529
89,162
89,212
89,406
89,410
89,446
89,488
89,976
90,11
90,520
90,374
90,100
90,663
90,442
90,2
90,330
90,868
90,385
90,391
90,262
90,542
90,384
90,451
90,880
90,406
90,838
90,633
90,197
90,817
90,303
90,925
90,858
90,212
90,586
90,363
90,771
90,855
90,529
90,433
90,676
90,901
91,335
91,829
91,48
91,509
91,941
91,190
91,511
91,447
91,493
91,608
91,849
91,176
91,480
91,807
91,416
91,982
91,859
91,25
91,13
91,181
92,512
92,505
92,137
92,338
92,699
92,543
92,547
92,553
92,712
92,90
92,889
92,453
92,991
92,104
92,728
92,123
92,564
92,381
92,929
92,207
92,662
92,802
92,568
92,229
92,825
92,103
92,545
92,838
92,470
92,94
92,443
92,436
92,686
92,618
93,427
93,856
93,453
93,874
93,835
93,473
93,124
93,573
93,644
93,680
93,678
93,325
93,280
93,982
93,909
93,445
93,71
93,339
93,777
93,699
93,120
93,916
93,768
93,621
93,744
94,521
94,428
94,13
94,270
94,122
94,712
94,775
94,402
94,76
94,512
94,322
94,989
94,473
94,517
94,206
94,457
94,548
94,275
94,724
94,551
94,228
94,193
94,354
94,950
94,540
94,533
94,713
94,475
94,153
94,320
94,60
94,337
94,788
95,47
95,420
95,74
95,301
95,551
95,522
95,52
95,855
95,126
95,923
95,65
95,207
95,748
95,813
95,690
95,424
95,431
95,22
95,245
95,828
95,294
95,903
95,329
95,627
95,619
95,312
95,353
95,35
95,546
95,498
95,375
96,8
96,661
96,846
96,968
96,58
96,486
96,134
96,66
96,778
96,945
96,987
96,209
96,54
96,572
96,244
96,40
96,874
96,590
96,832
96,36
96,320
96,430
96,452
97,755
97,342
97,826
97,561
97,358
97,348
97,370
97,197
97,947
97,143
97,641
97,312
97,518
97,930
97,951
97,728
97,466
97,437
97,256
97,446
97,757
97,177
97,862
97,656
97,188
97,553
97,933
98,738
98,194
98,107
98,912
98,66
98,710
98,734
98,212
98,829
98,686
98,782
98,955
98,765
98,990
98,87
98,824
98,183
98,607
98,721
98,634
98,72
98,120
98,297
98,705
98,81
98,985
98,725
99,414
99,381
99,835
99,84
99,796
99,250
99,978
99,540
99,600
99,726
99,325
99,672
99,741
99,322
99,475
99,490
99,7
99,967
99,27
99,572
99,982
99,620
99,622
99,636
99,618
99,512
100,979
100,513
100,909
100,877
100,118
100,872
100,642
100,967
100,563
100,414
100,919
100,250
100,718
100,17
100,759
100,991
100,411
100,846
100,815
100,992
100,944
100,850
100,779
100,714
101,491
101,511
101,700
101,275
101,617
101,928
101,66
101,568
101,758
101,250
101,85
101,941
101,60
101,189
101,932
101,828
101,494
101,608
101,978
101,702
101,936
101,255
101,146
101,984
101,988
101,655
101,289
101,774
101,662
101,841
101,263
101,980
101,787
102,837
102,529
102,34
102,852
102,334
102,200
102,606
102,526
102,624
102,446
102,605
102,828
102,53
102,194
102,351
102,744
102,802
102,508
102,205
102,20
102,326
102,431
102,631
102,979
102,796
102,517
102,810
102,980
102,845
102,712
102,521
102,600
102,958
102,124
102,544
102,485
102,329
102,728
102,268
102,123
102,418
103,585
103,130
103,315
103,378
103,609
103,692
103,206
103,437
103,118
103,318
103,347
103,956
103,912
103,356
103,735
103,197
103,215
103,360
103,5
103,639
103,643
103,333
103,822
103,285
103,199
103,221
103,942
103,903
103,895
103,271
104,516
104,39
104,506
104,600
104,184
104,401
104,999
104,677
104,926
104,198
104,70
104,463
104,233
104,657
104,136
104,259
104,984
104,945
104,287
104,40
104,394
104,19
104,904
104,739
104,583
104,156
104,892
104,309
104,607
104,313
104,59
105,686
105,12
105,893
105,994
105,831
105,649
105,377
105,910
105,750
105,561
105,372
105,116
105,954
105,283
105,158
105,315
105,42
105,864
105,280
105,530
105,239
105,606
105,835
105,21
105,858
105,993
105,15
105,333
105,558
105,29
105,795
105,915
105,906
105,990
106,136
106,365
106,83
106,166
106,654
106,566
106,505
106,659
106,559
106,687
106,500
106,881
106,126
106,108
106,858
106,345
106,780
106,204
106,44
106,399
106,675
106,189
106,752
106,439
106,241
106,194
106,639
106,763
106,934
106,894
106,457
106,469
106,585
106,229
106,866
107,454
107,905
107,338
107,606
107,849
107,637
107,574
107,467
107,879
107,277
107,973
107,603
107,534
107,62
107,977
107,172
107,409
107,774
107,348
107,209
107,520
107,445
107,458
107,392
107,571
107,781
107,292
107,220
107,162
107,133
107,796
107,548
107,136
107,369
107,165
107,388
107,859
107,831
107,239
107,430
107,138
107,112
108,673
108,887
108,744
108,966
108,1
108,302
108,652
108,648
108,278
108,561
108,495
108,242
108,137
108,733
108,892
108,379
108,696
108,9
108,702
108,219
108,350
108,655
108,507
108,378
108,517
108,958
108,208
108,693
108,920
108,894
108,741
108,567
108,721
108,6
109,863
109,463
109,12
109,885
109,174
109,243
109,281
109,622
109,753
109,955
109,967
109,393
109,190
109,77
109,48
109,657
109,700
109,785
109,786
109,157
109,694
109,732
110,435
110,120
110,360
110,545
110,513
110,650
110,801
110,987
110,27
110,525
110,126
110,343
110,62
110,912
110,292
110,8
110,625
110,961
110,539
110,156
110,369
111,699
111,382
111,669
111,414
111,680
111,78
111,98
111,194
111,744
111,61
111,777
111,555
111,847
111,325
111,403
111,474
111,508
111,407
111,919
111,737
111,643
111,489
111,973
111,731
111,603
111,679
111,162
111,179
111,962
111,608
111,894
111,732
111,359
112,34
112,188
112,988
112,312
112,666
112,829
112,869
112,151
112,450
112,37
112,728
112,231
112,654
112,772
112,856
112,817
112,796
112,606
112,700
112,443
112,173
112,865
112,603
112,322
112,565
113,726
113,723
113,732
113,719
113,353
113,674
113,969
113,218
113,35
113,981
113,525
113,921
113,838
113,181
113,656
113,249
113,258
113,700
113,642
113,748
113,84
113,292
113,890
113,680
113,116
113,403
113,322
114,194
114,210
114,913
114,68
114,807
114,425
114,162
114,841
114,619
114,757
114,237
114,13
114,305
114,961
114,861
114,90
114,420
114,538
114,827
114,452
114,866
114,188
114,993
114,254
114,339
115,615
115,379
115,714
115,661
115,740
115,671
115,391
115,52
115,49
115,985
115,506
115,887
115,383
115,246
115,703
115,428
115,245
115,302
115,846
115,952
115,686
115,955
115,966
115,994
115,531
115,607
115,277
115,754
116,420
116,48
116,584
116,622
116,412
116,128
116,36
116,647
116,939
116,90
116,784
116,742
116,844
116,338
116,384
116,451
116,653
116,88
116,956
116,481
116,606
116,105
116,492
116,336
117,224
117,707
117,550
117,246
117,864
117,739
117,797
117,178
117,778
117,432
117,395
117,578
117,10
117,710
117,926
117,273
117,738
117,337
117,468
117,785
117,887
117,783
117,459
117,298
117,423
117,197
117,42
117,831
117,190
117,316
117,15
117,812
117,167
118,656
118,788
118,49
118,558
118,39
118,136
118,553
118,938
118,311
118,735
118,852
118,957
118,384
118,399
118,517
118,41
118,641
118,499
118,35
118,55
118,572
118,141
118,695
118,151
118,969
119,64
119,87
119,570
119,418
119,509
119,592
119,858
119,649
119,567
119,788
119,786
119,143
119,521
119,172
119,614
119,394
119,868
119,171
119,738
119,900
119,21
119,782
119,693
119,939
119,454
119,173
119,412
119,802
119,636
119,49
119,751
119,381
120,63
120,57
120,717
120,590
120,424
120,149
120,208
120,894
120,642
120,513
120,722
120,238
120,641
120,255
120,659
120,414
120,898
120,489
120,144
120,830
120,231
120,994
120,911
120,682
120,746
120,715
120,691
121,884
121,222
121,479
121,170
121,780
121,161
121,966
121,449
121,885
121,297
121,654
121,141
121,284
121,338
121,353
121,517
121,847
121,186
121,154
121,220
121,198
121,666
121,658
121,633
121,771
122,83
122,227
122,157
122,489
122,238
122,491
122,166
122,673
122,718
122,363
122,620
122,649
122,29
122,307
122,300
122,22
122,542
122,957
122,470
122,795
122,998
122,961
122,76
122,158
122,654
123,234
123,223
123,3
123,593
123,725
123,105
123,494
123,151
123,266
123,286
123,446
123,442
123,185
123,892
123,860
123,503
123,577
123,530
123,576
123,786
123,245
123,67
123,246
123,43
123,988
123,479
123,429
123,926
123,148
123,480
123,730
123,589
124,785
124,260
124,814
124,322
124,726
124,858
124,306
124,601
124,539
124,289
124,106
124,343
124,263
124,449
124,22
124,997
124,64
124,775
124,113
124,312
124,468
124,987
124,742
124,246
124,190
124,882
125,683
125,114
125,238
125,361
125,414
125,584
125,497
125,557
125,62
125,428
125,568
125,429
125,188
125,204
125,949
125,623
125,338
125,602
125,877
125,98
125,710
125,395
125,664
125,100
125,908
125,367
125,250
125,965
125,450
125,175
125,324
126,34
126,85
126,369
126,469
126,468
126,193
126,836
126,43
126,256
126,194
126,860
126,370
126,199
126,419
126,545
126,685
126,288
126,347
126,317
126,263
126,58
126,21
126,96
127,791
127,617
127,819
127,771
127,119
127,354
127,846
127,911
127,202
127,553
127,953
127,763
127,411
127,727
127,573
127,36
127,749
127,839
127,710
127,388
127,382
127,157
127,48
127,79
127,333
127,613
127,286
127,970
127,641
127,459
127,141
127,47
127,366
128,326
128,485
128,212
128,774
128,696
128,238
128,407
128,665
128,82
128,671
128,26
128,119
128,949
128,899
128,168
128,759
128,614
128,564
128,516
128,299
128,944
128,312
128,650
128,345
128,912
128,693
128,965
128,814
128,336
128,462
129,520
129,367
129,418
129,202
129,857
129,101
129,247
129,834
129,826
129,391
129,348
129,431
129,56
129,684
129,249
129,602
129,920
129,938
129,705
129,597
129,166
129,452
129,910
129,471
129,89
129,640
129,669
129,805
129,962
129,230
130,702
130,507
130,107
130,525
130,452
130,930
130,981
130,43
130,326
130,431
130,208
130,764
130,416
130,375
130,592
130,37
130,57
130,549
130,112
130,725
130,809
130,49
130,26
130,869
130,9
130,478
130,453
131,432
131,647
131,147
131,713
131,436
131,450
131,383
131,875
131,66
131,798
131,809
131,479
131,921
131,693
131,206
131,94
131,770
131,590
131,494
131,120
131,320
131,48
131,881
131,539
131,515
132,806
132,538
132,930
132,698
132,377
132,82
132,897
132,410
132,626
132,345
132,899
132,162
132,987
132,133
132,81
132,756
132,156
132,904
132,311
132,562
132,637
132,586
133,652
133,342
133,397
133,338
133,514
133,952
133,894
133,51
133,463
133,351
133,882
133,280
133,368
133,635
133,270
133,172
133,210
133,594
133,390
133,588
133,7
133,868
133,133
133,806
133,933
133,385
133,452
133,727
133,286
133,410
134,413
134,897
134,588
134,915
134,132
134,861
134,161
134,936
134,341
134,558
134,250
134,145
134,896
134,219
134,690
134,243
134,278
134,655
134,927
134,386
134,683
134,624
135,41
135,353
135,357
135,905
135,484
135,65
135,88
135,35
135,541
135,455
135,320
135,364
135,616
135,553
135,628
135,719
135,170
135,458
135,814
135,269
136,262
136,401
136,214
136,806
136,364
136,686
136,420
136,474
136,808
136,414
136,933
136,56
136,243
136,552
136,33
136,818
136,300
136,485
136,288
136,620
136,649
136,20
136,781
136,256
136,271
136,229
136,842
136,25
136,993
136,61
136,193
136,542
137,610
137,263
137,410
137,530
137,390
137,688
137,489
137,160
137,268
137,758
137,6
137,224
137,433
137,841
137,304
137,56
137,745
137,703
137,96
137,917
137,249
137,446
137,603
137,14
137,564
137,832
137,254
138,879
138,157
138,970
138,989
138,561
138,403
138,125
138,453
138,695
138,446
138,747
138,52
138,214
138,8
138,376
138,885
138,258
138,627
138,553
138,639
138,508
138,583
138,61
138,923
139,90
139,602
139,636
139,200
139,266
139,691
139,892
139,181
139,107
139,262
139,447
139,233
139,35
139,862
139,229
139,719
139,373
139,170
139,744
139,74
139,489
139,570
139,261
139,155
139,540
139,529
139,282
139,746
139,57
139,605
139,20
139,706
139,284
140,830
140,112
140,923
140,587
140,934
140,702
140,370
140,665
140,693
140,77
140,835
140,857
140,730
140,736
140,509
140,729
140,670
140,185
140,599
140,820
140,647
140,373
140,731
140,999
140,27
140,498
140,608
140,778
140,135
140,258
140,576
140,742
141,188
141,772
141,821
141,840
141,607
141,849
141,207
141,829
141,752
141,67
141,491
141,673
141,358
141,909
141,380
141,341
141,395
141,992
141,787
141,43
141,223
141,191
141,768
141,589
141,863
141,862
141,467
141,740
142,350
142,608
142,107
142,554
142,875
142,494
142,914
142,759
142,735
142,10
142,540
142,481
142,863
142,371
142,906
142,575
142,470
142,186
142,501
142,710
142,139
142,248
142,859
142,999
142,794
142,842
142,328
142,504
142,18
142,199
142,712
143,386
143,660
143,232
143,457
143,659
143,141
143,560
143,47
143,497
143,316
143,706
143,821
143,404
143,690
143,361
143,906
143,339
143,603
143,872
143,792
143,576
143,687
143,613
143,680
143,175
143,958
143,239
143,79
143,878
143,830
143,485
144,393
144,291
144,702
144,79
144,164
144,130
144,599
144,504
144,105
144,753
144,776
144,785
144,894
144,90
144,260
144,953
144,293
144,396
144,762
144,272
144,135
144,125
144,312
144,127
144,184
144,473
144,18
144,228
144,99
144,216
144,67
144,123
144,845
144,668
144,540
145,629
145,822
145,120
145,527
145,243
145,154
145,155
145,661
145,641
145,487
145,475
145,409
145,713
145,726
145,748
145,293
145,692
145,953
145,402
145,592
145,893
145,109
145,923
145,664
145,625
145,39
145,494
145,457
146,278
146,384
146,177
146,734
146,909
146,402
146,320
146,314
146,218
146,512
146,191
146,922
146,966
146,296
146,945
146,969
146,207
146,429
146,197
146,117
146,372
146,427
146,571
146,955
146,12
146,33
146,514
146,410
146,591
146,720
146,731
146,16
146,871
147,508
147,295
147,351
147,688
147,305
147,131
147,254
147,431
147,310
147,333
147,554
147,563
147,405
147,394
147,864
147,987
147,139
147,4
147,708
147,251
147,341
147,318
147,178
147,85
147,443
147,649
147,402
147,298
147,957
147,410
147,145
148,468
148,368
148,718
148,27
148,422
148,133
148,226
148,149
148,57
148,768
148,633
148,792
148,772
148,342
149,365
149,913
149,169
149,761
149,947
149,72
149,921
149,95
149,782
149,146
149,362
149,139
149,354
149,159
149,458
149,339
149,153
149,810
149,685
149,899
149,905
149,118
149,631
149,188
149,992
149,670
149,193
149,178
149,811
149,53
149,949
150,728
150,75
150,697
150,168
150,468
150,873
150,433
150,542
150,629
150,880
150,647
150,447
150,285
150,672
150,953
150,854
150,551
150,63
150,446
150,887
150,233
150,206
150,306
150,190
150,962
150,892
150,889
150,105
150,508
150,777
150,94
150,386
150,23
150,270
151,144
151,501
151,989
151,574
151,131
151,482
151,665
151,342
151,367
151,539
151,451
151,703
151,880
151,658
151,170
151,167
151,232
151,382
151,892
151,370
151,527
151,217
151,634
151,463
151,570
151,895
152,153
152,846
152,927
152,729
152,476
152,578
152,318
152,248
152,217
152,768
152,475
152,680
152,891
152,674
152,607
152,898
152,332
152,611
152,615
152,968
152,59
152,964
152,821
153,536
153,919
153,847
153,732
153,938
153,180
153,476
153,627
153,203
153,817
153,136
153,988
153,444
153,766
153,486
153,231
153,47
153,480
153,756
153,64
154,276
154,698
154,314
154,467
154,421
154,274
154,954
154,170
154,842
154,680
154,208
154,193
154,27
154,474
154,588
154,158
154,169
154,489
154,396
154,299
154,802
154,282
154,440
154,141
154,988
154,602
154,399
154,111
155,849
155,630
155,584
155,407
155,987
155,785
155,249
155,688
155,941
155,459
155,303
155,359
155,757
155,20
155,387
155,427
155,383
155,128
155,768
155,1000
155,513
155,890
155,590
155,220
155,885
155,312
155,997
155,361
155,153
155,67
155,966
156,775
156,467
156,263
156,844
156,504
156,462
156,53
156,379
156,646
156,754
156,705
156,448
156,593
156,518
156,349
156,297
156,198
156,301
156,155
156,285
156,262
156,244
157,661
157,913
157,616
157,321
157,496
157,874
157,217
157,406
157,802
157,400
157,353
157,573
157,326
157,713
157,210
157,122
157,535
157,642
157,291
157,835
157,183
157,34
157,696
157,159
157,574
157,967
157,973
157,431
157,10
157,303
157,24
157,604
158,32
158,894
158,601
158,64
158,968
158,178
158,990
158,799
158,532
158,241
158,215
158,824
158,473
158,102
158,967
158,637
158,616
158,879
158,840
158,177
158,830
158,581
158,869
158,293
158,555
158,812
158,896
158,437
158,188
158,880
158,66
158,121
158,483
158,47
158,626
159,784
159,82
159,364
159,343
159,206
159,344
159,223
159,248
159,789
159,127
159,208
159,187
159,907
159,20
159,418
159,818
159,800
159,549
159,674
159,876
159,802
159,978
159,600
159,561
159,680
159,342
160,275
160,769
160,755
160,469
160,883
160,2
160,826
160,267
160,660
160,43
160,484
160,368
160,579
160,242
160,950
160,954
160,455
160,794
160,767
160,17
161,247
161,644
161,749
161,880
161,414
161,58
161,920
161,340
161,684
161,469
161,924
161,850
161,927
161,401
161,825
161,90
161,653
161,43
161,281
161,669
161,526
161,655
161,425
161,269
161,188
161,353
161,120
161,921
161,588
161,807
161,714
161,89
162,28
162,786
162,41
162,7
162,500
162,410
162,636
162,164
162,612
162,33
162,279
162,968
162,844
162,574
162,18
162,121
162,659
162,1
162,909
162,409
162,274
162,32
162,4
162,415
162,85
163,166
163,303
163,947
163,891
163,283
163,719
163,833
163,30
163,409
163,881
163,444
163,307
163,180
163,45
163,434
163,996
163,239
163,785
163,522
163,394
163,304
164,252
164,23
164,545
164,431
164,984
164,820
164,324
164,673
164,698
164,347
164,834
164,367
164,169
164,681
164,148
164,801
164,610
164,957
164,884
164,832
164,613
164,15
164,448
164,851
164,908
164,469
165,659
165,473
165,146
165,948
165,253
165,809
165,693
165,421
165,437
165,204
165,360
165,95
165,644
165,607
165,832
165,286
165,962
165,947
165,798
165,807
165,72
165,375
165,737
165,779
165,395
165,833
166,714
166,61
166,580
166,86
166,68
166,426
166,788
166,38
166,146
166,361
166,1000
166,366
166,944
166,326
166,674
166,622
166,25
166,55
166,297
166,255
166,867
166,306
167,628
167,191
167,717
167,626
167,107
167,794
167,856
167,496
167,341
167,63
167,692
167,923
167,339
167,17
167,800
167,882
167,672
167,864
167,734
167,319
167,294
167,72
167,802
167,554
167,25
167,120
168,519
168,237
168,841
168,208
168,889
168,188
168,678
168,115
168,626
168,387
168,807
168,433
168,336
168,886
168,196
168,927
168,56
168,602
168,92
168,804
168,305
168,959
168,438
168,826
168,619
168,32
168,241
168,892
168,652
168,255
168,685
169,505
169,434
169,998
169,897
169,78
169,992
169,634
169,326
169,93
169,673
169,727
169,6
169,349
169,248
169,289
169,847
169,301
169,849
169,564
169,694
169,642
169,398
169,571
169,372
169,246
169,954
169,778
169,894
169,815
170,877
170,537
170,996
170,299
170,322
170,212
170,139
170,184
170,758
170,925
170,15
170,7
170,868
170,705
170,358
170,993
170,102
170,180
170,508
170,886
170,27
170,416
170,764
170,33
171,466
171,560
171,49
171,872
171,447
171,903
171,397
171,953
171,701
171,296
171,342
171,318
171,849
171,273
171,450
171,779
171,219
171,549
171,892
171,645
171,625
171,566
171,166
171,146
171,608
171,181
171,898
171,761
172,302
172,57
172,744
172,833
172,368
172,710
172,423
172,959
172,215
172,771
172,758
172,538
172,529
172,639
172,100
172,667
172,661
172,649
172,345
172,148
172,487
172,385
172,567
172,609
172,493
173,106
173,928
173,753
173,154
173,857
173,688
173,55
173,550
173,235
173,571
173,188
173,491
173,405
173,379
173,921
173,933
173,564
173,80
173,313
173,852
173,757
173,592
173,162
173,74
173,49
173,496
173,529
174,442
174,168
174,677
174,61
174,496
174,809
174,298
174,11
174,982
174,797
174,722
174,618
174,853
174,780
174,830
174,852
174,622
174,827
174,705
174,659
174,352
174,879
174,451
174,610
175,778
175,362
175,439
175,155
175,998
175,908
175,591
175,828
175,483
175,9
175,977
175,978
175,729
175,772
175,190
175,890
175,442
175,616
175,129
175,29
175,842
175,405
175,191
175,596
175,424
175,719
175,67
176,827
176,859
176,162
176,758
176,320
176,517
176,521
176,73
176,699
176,417
176,746
176,458
176,543
176,740
176,839
176,252
176,13
176,401
176,726
176,802
176,238
176,573
176,303
176,89
176,150
176,461
176,872
176,441
176,946
177,55
177,827
177,764
177,683
177,188
177,910
177,543
177,956
177,175
177,237
177,751
177,52
177,522
177,458
177,12
177,401
177,684
177,649
177,363
177,563
177,726
177,289
177,235
177,86
177,433
177,763
177,39
178,397
178,974
178,1000
178,34
178,311
178,146
178,537
178,733
178,483
178,983
178,197
178,708
178,762
178,744
178,160
178,273
178,164
178,30
178,517
178,587
178,109
178,930
178,194
179,291
179,931
179,415
179,353
179,131
179,976
179,159
179,732
179,737
179,85
179,489
179,811
179,65
179,566
179,650
179,924
179,852
179,960
179,817
179,698
179,463
179,24
179,588
179,769
179,250
179,468
179,193
179,27
179,109
180,809
180,811
180,561
180,657
180,622
180,820
180,847
180,628
180,33
180,258
180,777
180,824
180,732
180,724
180,729
180,506
180,609
180,963
180,195
180,12
180,874
180,441
180,144
180,869
180,955
181,522
181,596
181,625
181,609
181,456
181,195
181,892
181,921
181,403
181,78
181,381
181,870
181,507
181,74
181,409
181,420
181,387
181,868
181,991
181,911
181,539
181,542
181,40
181,83
181,907
181,836
181,546
181,744
181,301
181,286
181,874
181,311
181,816
181,579
181,5
181,152
181,233
181,604
181,437
182,990
182,160
182,301
182,346
182,864
182,677
182,362
182,668
182,695
182,413
182,720
182,819
182,714
182,324
182,391
182,437
182,828
182,421
182,639
182,679
182,33
182,590
182,940
182,845
183,715
183,495
183,941
183,390
183,520
183,389
183,313
183,636
183,576
183,113
183,71
183,862
183,388
183,40
183,914
183,850
183,32
183,949
183,983
184,492
184,787
184,867
184,640
184,452
184,615
184,500
184,87
184,959
184,772
184,371
184,597
184,967
184,661
184,745
184,574
184,580
184,221
184,966
184,146
184,35
184,642
184,650
184,336
184,985
184,969
184,486
184,169
184,684
185,973
185,920
185,286
185,631
185,665
185,560
185,7
185,510
185,95
185,584
185,880
185,694
185,761
185,845
185,437
185,448
185,965
185,411
185,138
185,882
185,730
185,818
185,571
185,494
185,427
185,919
185,554
185,518
185,265
185,360
186,637
186,648
186,208
186,983
186,95
186,994
186,422
186,482
186,237
186,187
186,654
186,552
186,579
186,228
186,508
186,729
187,914
187,664
187,538
187,25
187,417
187,29
187,168
187,435
187,548
187,617
187,671
187,297
187,73
187,441
187,222
187,561
187,17
187,127
187,98
187,76
187,110
187,224
187,906
187,625
187,768
187,779
187,354
187,51
187,923
187,474
187,379
187,976
187,499
188,206
188,517
188,338
188,770
188,529
188,988
188,223
188,774
188,14
188,412
188,311
188,396
188,1
188,606
188,849
188,289
188,51
188,989
188,593
188,146
188,662
188,322
188,773
188,566
188,506
188,102
188,111
188,925
188,815
188,10
189,628
189,853
189,266
189,882
189,272
189,788
189,378
189,560
189,43
189,533
189,512
189,315
189,492
189,896
189,940
189,548
189,509
189,734
189,899
189,171
189,748
189,820
189,519
189,82
190,693
190,253
190,426
190,802
190,38
190,87
190,472
190,606
190,695
190,411
190,278
190,623
190,708
190,806
190,874
190,705
190,682
190,62
190,54
190,173
190,679
190,310
190,549
190,234
190,959
190,374
190,562
191,849
191,958
191,692
191,971
191,461
191,420
191,39
191,378
191,668
191,914
191,801
191,84
191,551
191,219
191,830
191,410
191,16
191,293
191,827
191,296
191,185
191,819
191,969
191,638
191,775
191,834
191,596
191,993
191,858
191,544
192,117
192,214
192,179
192,465
192,426
192,470
192,541
192,614
192,618
192,677
192,155
192,475
192,622
192,708
192,367
192,69
192,680
192,674
192,682
192,578
192,16
192,592
192,485
192,711
192,763
192,747
192,361
192,819
192,166
193,141
193,828
193,119
193,44
193,352
193,851
193,109
193,689
193,953
193,412
193,103
193,358
193,807
193,164
193,80
193,960
193,937
193,462
193,376
193,745
193,834
193,709
193,291
194,531
194,98
194,352
194,872
194,738
194,486
194,161
194,135
194,786
194,719
194,163
194,232
194,938
194,88
194,498
194,86
194,215
194,940
194,415
194,42
194,9
194,67
195,560
195,129
195,361
195,534
195,794
195,781
195,885
195,392
195,403
195,813
195,359
195,130
195,706
195,141
195,592
195,658
195,144
195,677
195,869
195,962
195,769
195,673
195,494
195,649
195,738
195,520
195,298
196,615
196,524
196,906
196,919
196,169
196,795
196,284
196,972
196,324
196,303
196,939
196,515
196,423
196,122
196,576
196,684
196,908
196,156
196,815
196,64
196,560
196,276
196,833
196,575
196,541
196,587
196,473
196,635
196,837
196,484
197,769
197,123
197,243
197,6
197,418
197,974
197,752
197,129
197,370
197,29
197,979
197,691
197,249
197,189
197,628
197,369
197,758
197,63
197,995
197,950
197,364
197,258
197,531
197,147
197,746
197,724
197,554
197,967
197,164
197,916
197,598
197,815
197,522
198,347
198,395
198,796
198,545
198,745
198,482
198,628
198,379
198,871
198,570
198,924
198,952
198,541
198,997
198,568
198,555
198,858
198,262
198,329
198,817
198,406
198,843
198,536
198,125
198,1
198,311
198,303
198,597
198,886
198,464
198,806
198,264
198,499
198,758
198,109
198,892
198,450
198,309
198,588
198,186
199,689
199,640
199,953
199,604
199,785
199,216
199,730
199,432
199,541
199,886
199,784
199,145
199,159
199,84
199,67
200,5
200,993
200,465
200,346
200,537
200,544
200,149
200,958
200,474
200,462
200,116
200,538
200,879
200,419
200,121
200,80
200,49
200,912
200,714
200,945
